# title_id|version|game|label|status|method|source|payload|note|delay_seconds
BLUS30443|*|Demons Souls|Motion Blur|untested|ncl|Nascar1243 / Graphics Patches for PS3MAPI PDF|0 00217E7C 41|Imported from Nascar1243 / Graphics Patches for PS3MAPI PDF. Game: Demons Souls. Not confirmed by PSUF on real hardware. Original values in source: 00217E7C was 40.|120
BLUS30721|01.02|Asura's Wrath|Bloom|untested|ncl|Nascar1243 / Graphics Patches for PS3MAPI PDF|0 003BA264 38C00000;0 0011AE5C 38C00000|Imported from Nascar1243 / Graphics Patches for PS3MAPI PDF. Game: Asura's Wrath. Not confirmed by PSUF on real hardware. Original values in source: 003BA264 was 80C50048, 0011AE5C was 80C50048.|120
BLUS30721|01.02|Asura's Wrath|Motion Blur|untested|ncl|Nascar1243 / Graphics Patches for PS3MAPI PDF|0 0067A908 60000000;0 0067A940 38600000|Imported from Nascar1243 / Graphics Patches for PS3MAPI PDF. Game: Asura's Wrath. Not confirmed by PSUF on real hardware. Original values in source: 0067A908 was 4BFFF6F1, 0067A940 was 807F0020.|120
BLUS30721|01.02|Asura's Wrath|Depth of Field|untested|ncl|Nascar1243 / Graphics Patches for PS3MAPI PDF|0 0031CB10 38A00000;0 003BA270 38A00000|Imported from Nascar1243 / Graphics Patches for PS3MAPI PDF. Game: Asura's Wrath. Not confirmed by PSUF on real hardware. Original values in source: 0031CB10 was 80A50040, 003BA270 was 80A50040. Incomplete source line omitted: 0011AE68 had original 80A50040 but no new value in pasted PDF text.|120
BLUS31197|01.01|Drakengard 3|Depth of Field|untested|ncl|Nascar1243 / Graphics Patches for PS3MAPI PDF|0 00A5455C 38800000|Imported from Nascar1243 / Graphics Patches for PS3MAPI PDF. Game: Drakengard 3. Not confirmed by PSUF on real hardware.|120
BLUS30917|*|Lollipop Chainsaw|Depth of Field|untested|ncl|Nascar1243 / Graphics Patches for PS3MAPI PDF|0 0016C1B4 38A00000;0 00326F6C 38A00000;0 00408498 38A00000|Imported from Nascar1243 / Graphics Patches for PS3MAPI PDF. Game: Lollipop Chainsaw. Not confirmed by PSUF on real hardware. Original values in source: 0016C1B4 was 80A5003C, 00326F6C was 80A5003C, 00408498 was 80A5003C.|120
BLUS30917|*|Lollipop Chainsaw|Bloom|untested|ncl|Nascar1243 / Graphics Patches for PS3MAPI PDF|0 0016C1A8 38C00000;0 0040848C 38C00000|Imported from Nascar1243 / Graphics Patches for PS3MAPI PDF. Game: Lollipop Chainsaw. Not confirmed by PSUF on real hardware. Original values in source: 0016C1A8 was 80C50044, 0040848C was 80C50044.|120
BLUS31162|01.20|Battlefield 4|Disable MLAA / visual performance mode|untested|ncl|RPCS3 community|0 0094EC04 38600000|Visual performance patch. This does not unlock FPS; it disables MLAA/visual processing and belongs in the graphics/extra menu.|120
BLES01587|02.00|Batman Arkham City GOTY|Debug Menu / disable VSync|untested|ncl|PSXPlace / Joey85|0 00E36504 38600000|Debug menu code. Use R1+Start in game, then disable VSync there to unlock the framerate. Not a direct FPS write; test carefully.|120
BLUS30978|01.01|Batman Arkham City GOTY|Debug Menu / disable VSync|untested|ncl|PSXPlace / Joey85|0 00E36504 38600000|Debug menu code. Use R1+Start in game, then disable VSync there to unlock the framerate. Not a direct FPS write; test carefully.|120
BLUS31147|01.06|Batman Arkham Origins|Debug Menu / disable VSync|untested|ncl|PSXPlace / Joey85|0 00F249F0 38600000|Debug menu code. Use R1+Start in game, then disable VSync there to unlock the framerate. Source lists this around v01.06/1.60, so keep as test only.|120
BLUS31207|01.06|Batman Arkham Origins|Debug Menu / disable VSync|untested|ncl|PSXPlace / Joey85|0 00F249F0 38600000|Debug menu code. Use R1+Start in game, then disable VSync there to unlock the framerate. Source lists this around v01.06/1.60, so keep as test only.|120
BLUS30917|*|Lollipop Chainsaw|Image Grain|untested|ncl|Nascar1243 / Graphics Patches for PS3MAPI PDF|0 00408690 4800|Imported from Nascar1243 / Graphics Patches for PS3MAPI PDF. Game: Lollipop Chainsaw. Not confirmed by PSUF on real hardware. Original values in source: 00408690 was 4182.|120
BCUS98213|01.09|Uncharted 2|Depth of Field|untested|ncl|Nascar1243 / Graphics Patches for PS3MAPI PDF|0 00E9C251 0000000000|Imported from Nascar1243 / Graphics Patches for PS3MAPI PDF. Game: Uncharted 2. Not confirmed by PSUF on real hardware.|120
BCUS98213|01.09|Uncharted 2|Enable Bloom|untested|ncl|Nascar1243 / Graphics Patches for PS3MAPI PDF|0 00E9C268 0100000000|Imported from Nascar1243 / Graphics Patches for PS3MAPI PDF. Game: Uncharted 2. Not confirmed by PSUF on real hardware.|120
BCUS98213|01.09|Uncharted 2|Lighting Effects|untested|ncl|Nascar1243 / Graphics Patches for PS3MAPI PDF|0 00E9C564 00010000|Imported from Nascar1243 / Graphics Patches for PS3MAPI PDF. Game: Uncharted 2. Not confirmed by PSUF on real hardware.|120
BCUS98213|01.09|Uncharted 2|Mesh Trimming|untested|ncl|Nascar1243 / Graphics Patches for PS3MAPI PDF|0 00F98FD0 0000000000|Imported from Nascar1243 / Graphics Patches for PS3MAPI PDF. Game: Uncharted 2. Not confirmed by PSUF on real hardware.|120
BCUS98213|01.09|Uncharted 2|Motion Blur|untested|ncl|Nascar1243 / Graphics Patches for PS3MAPI PDF|0 00E9C24F 00010000|Imported from Nascar1243 / Graphics Patches for PS3MAPI PDF. Game: Uncharted 2. Not confirmed by PSUF on real hardware.|120
BCUS98213|01.09|Uncharted 2|Velocity Motion Blur|untested|ncl|Nascar1243 / Graphics Patches for PS3MAPI PDF|0 00E9C494 00000000|Imported from Nascar1243 / Graphics Patches for PS3MAPI PDF. Game: Uncharted 2. Not confirmed by PSUF on real hardware.|120
BLUS98111|01.03|God of War III|Depth of Field|untested|ncl|Nascar1243 / Graphics Patches for PS3MAPI PDF|0 001C14AC 38000000|Imported from Nascar1243 / Graphics Patches for PS3MAPI PDF. Game: God of War III. Not confirmed by PSUF on real hardware. Original values in source: 001C14AC was 801D0010.|120
BLUS98111|01.03|God of War III|Motion Blur|untested|ncl|Nascar1243 / Graphics Patches for PS3MAPI PDF|0 001C57E4 38000000|Imported from Nascar1243 / Graphics Patches for PS3MAPI PDF. Game: God of War III. Not confirmed by PSUF on real hardware. Original values in source: 001C57E4 was 801F0010.|120
BLUS98111|01.03|God of War III|Color Grading|untested|ncl|Nascar1243 / Graphics Patches for PS3MAPI PDF|0 0052BDA3 00|Imported from Nascar1243 / Graphics Patches for PS3MAPI PDF. Game: God of War III. Not confirmed by PSUF on real hardware. Original values in source: 0052BDA3 was 01.|120
BLUS98111|01.03|God of War III|Disable Layered Fog|untested|ncl|Nascar1243 / Graphics Patches for PS3MAPI PDF|0 00296A90 38000000;0 00296BD4 38000000|Imported from Nascar1243 / Graphics Patches for PS3MAPI PDF. Game: God of War III. Not confirmed by PSUF on real hardware. Original values in source: 00296A90 was 801C0010, 00296BD4 was 801C0010.|120
BLUS98111|01.03|God of War III|Bloom|untested|ncl|Nascar1243 / Graphics Patches for PS3MAPI PDF|0 00231288 60000000|Imported from Nascar1243 / Graphics Patches for PS3MAPI PDF. Game: God of War III. Not confirmed by PSUF on real hardware. Original values in source: 00231288 was 4BFFF9C5.|120
BLUS98111|01.03|God of War III|Camera Sway Disable|untested|ncl|Nascar1243 / Graphics Patches for PS3MAPI PDF|0 0015D29C 38000000|Imported from Nascar1243 / Graphics Patches for PS3MAPI PDF. Game: God of War III. Not confirmed by PSUF on real hardware. Original values in source: 0015D29C was 801F0010.|120
BCUS98232|01.12|God of War Ascension|Disable Depth of Field|untested|ncl|Nascar1243 / Graphics Patches for PS3MAPI PDF|0 0043BCBC 38A00000|Imported from Nascar1243 / Graphics Patches for PS3MAPI PDF. Game: God of War Ascension. Not confirmed by PSUF on real hardware.|120
BCUS98232|01.12|God of War Ascension|Disable Motion Blur|untested|ncl|Nascar1243 / Graphics Patches for PS3MAPI PDF|0 0043F210 38A00000|Imported from Nascar1243 / Graphics Patches for PS3MAPI PDF. Game: God of War Ascension. Not confirmed by PSUF on real hardware.|120
BCUS98362|01.26|LittleBigPlanet 3|Disable Motion Blur|untested|ncl|Nascar1243 / Graphics Patches for PS3MAPI PDF|0 00EE76B4 00;0 0039C028 60000000;0 0039C12C 60000000|Imported from Nascar1243 / Graphics Patches for PS3MAPI PDF. Game: LittleBigPlanet 3. Not confirmed by PSUF on real hardware. Original values in source: 00EE76B4 was 01, 0039C028 was 4BFE6E59, 0039C12C was 4BFE6D55.|120
BCUS98362|01.26|LittleBigPlanet 3|Disable Bubble Score FX|untested|ncl|Nascar1243 / Graphics Patches for PS3MAPI PDF|0 00366570 4E800020|Imported from Nascar1243 / Graphics Patches for PS3MAPI PDF. Game: LittleBigPlanet 3. Not confirmed by PSUF on real hardware. Original values in source: 00366570 was 60000000.|120
BCUS98362|01.26|LittleBigPlanet 3|MLAA|untested|ncl|Nascar1243 / Graphics Patches for PS3MAPI PDF|0 00FC8C17 01;0 00EE76D0 00|Imported from Nascar1243 / Graphics Patches for PS3MAPI PDF. Game: LittleBigPlanet 3. Not confirmed by PSUF on real hardware. Original values in source: 00FC8C17 was 00, 00EE76D0 was 01.|120
BCES01115|01.01|ICO|Disable All Post-Processing (Removes Fog)|untested|ncl|Nascar1243 / Graphics Patches for PS3MAPI PDF|0 004E214F 00|Imported from Nascar1243 / Graphics Patches for PS3MAPI PDF. Game: ICO. Not confirmed by PSUF on real hardware. Original values in source: 004E214F was 01.|120
BCES01115|01.01|ICO|Disable Blur|untested|ncl|Nascar1243 / Graphics Patches for PS3MAPI PDF|0 004E215B 00|Imported from Nascar1243 / Graphics Patches for PS3MAPI PDF. Game: ICO. Not confirmed by PSUF on real hardware. Original values in source: 004E215B was 01.|120
BCES01115|01.01|ICO|Disable MLAA|untested|ncl|Nascar1243 / Graphics Patches for PS3MAPI PDF|0 004E224F 00;0 00477D74 40800003;0 0047801C 40800017|Imported from Nascar1243 / Graphics Patches for PS3MAPI PDF. Game: ICO. Not confirmed by PSUF on real hardware. Original values in source: 004E224F was 01, 00477D74 was 14004203, 0047801C was 3F830C17.|120
BCES01115|01.01|Shadow of the Colossus|Disable Bloom|untested|ncl|Nascar1243 / Graphics Patches for PS3MAPI PDF|0 0020AB50 38000000|Imported from Nascar1243 / Graphics Patches for PS3MAPI PDF. Game: Shadow of the Colossus. Not confirmed by PSUF on real hardware. Original values in source: 0020AB50 was 801A00A0.|120
BCES01115|01.01|Shadow of the Colossus|Disable Motion Blur|untested|ncl|Nascar1243 / Graphics Patches for PS3MAPI PDF|0 0021A2E4 38000000;0 0021A128 38000000|Imported from Nascar1243 / Graphics Patches for PS3MAPI PDF. Game: Shadow of the Colossus. Not confirmed by PSUF on real hardware. Original values in source: 0021A2E4 was 801F003C, 0021A128 was 801F0038.|120
BCES01115|01.01|Shadow of the Colossus|Disable MLAA|untested|ncl|Nascar1243 / Graphics Patches for PS3MAPI PDF|0 00201A14 38000000;0 006F96F4 40800003;0 006F999C 40800017|Imported from Nascar1243 / Graphics Patches for PS3MAPI PDF. Game: Shadow of the Colossus. Not confirmed by PSUF on real hardware. Original values in source: 00201A14 was 80190004, 006F96F4 was 14004203, 006F999C was 3F830C17.|120
BCUS98103|*|Uncharted 1|Disable Depth of Field|untested|ncl|Nascar1243 / Graphics Patches for PS3MAPI PDF|0 00BB43DC 00000000000000|Imported from Nascar1243 / Graphics Patches for PS3MAPI PDF. Game: Uncharted 1. Not confirmed by PSUF on real hardware.|120
BCUS98155|01.03|Motorstorm Pacific Rift|Disable Dynamic Resolution Scaling|untested|ncl|Nascar1243 / Graphics Patches for PS3MAPI PDF|0 00347830 38600000|Imported from Nascar1243 / Graphics Patches for PS3MAPI PDF. Game: Motorstorm Pacific Rift. Not confirmed by PSUF on real hardware. Original values in source: 00347830 was 886A0004.|120
BCUS98155|01.03|Motorstorm Pacific Rift|Disable Motion Blur|untested|ncl|Nascar1243 / Graphics Patches for PS3MAPI PDF|0 0034708C 38600000|Imported from Nascar1243 / Graphics Patches for PS3MAPI PDF. Game: Motorstorm Pacific Rift. Not confirmed by PSUF on real hardware. Original values in source: 0034708C was 886A0018.|120
BCUS98155|01.03|Motorstorm Pacific Rift|Disable Crowd Noises|untested|ncl|Nascar1243 / Graphics Patches for PS3MAPI PDF|0 00D27D28 00|Imported from Nascar1243 / Graphics Patches for PS3MAPI PDF. Game: Motorstorm Pacific Rift. Not confirmed by PSUF on real hardware. Original values in source: 00D27D28 was 61.|120
BCUS98242|01.06|Motorstorm Apocalypse|Disable Dynamic Resolution Scaling|untested|ncl|Nascar1243 / Graphics Patches for PS3MAPI PDF|0 00469E90 38600000|Imported from Nascar1243 / Graphics Patches for PS3MAPI PDF. Game: Motorstorm Apocalypse. Not confirmed by PSUF on real hardware. Original values in source: 00469E90 was 88630008.|120
BCUS98242|01.06|Motorstorm Apocalypse|Disable SSAO|untested|ncl|Nascar1243 / Graphics Patches for PS3MAPI PDF|0 00469F9C 38600000|Imported from Nascar1243 / Graphics Patches for PS3MAPI PDF. Game: Motorstorm Apocalypse. Not confirmed by PSUF on real hardware. Original values in source: 00469F9C was 88630056.|120
BCUS98242|01.06|Motorstorm Apocalypse|Disable Motion Blur|untested|ncl|Nascar1243 / Graphics Patches for PS3MAPI PDF|0 00469EC4 38600000|Imported from Nascar1243 / Graphics Patches for PS3MAPI PDF. Game: Motorstorm Apocalypse. Not confirmed by PSUF on real hardware. Original values in source: 00469EC4 was 8863001C.|120
BCUS98242|01.06|Motorstorm Apocalypse|Disable MLAA|untested|ncl|Nascar1243 / Graphics Patches for PS3MAPI PDF|0 0044CCB4 38800000|Imported from Nascar1243 / Graphics Patches for PS3MAPI PDF. Game: Motorstorm Apocalypse. Not confirmed by PSUF on real hardware. Original values in source: 0044CCB4 was 8883A6C4.|120
BLUS30565|01.01|Silent Hill Downpour|Disable Low-Resolution Depth of Field|untested|ncl|Nascar1243 / Graphics Patches for PS3MAPI PDF|0 000FA828 38A00000;0 00270C60 38A00000;0 00310B28 38A00000|Imported from Nascar1243 / Graphics Patches for PS3MAPI PDF. Game: Silent Hill Downpour. Not confirmed by PSUF on real hardware.|120
BLUS30565|01.01|Silent Hill Downpour|Disable MLAA and FXAA|untested|ncl|Nascar1243 / Graphics Patches for PS3MAPI PDF|0 00771673 64;0 00771674 41;0 0077167C 38600000;0 0076EFB4 38600000|Imported from Nascar1243 / Graphics Patches for PS3MAPI PDF. Game: Silent Hill Downpour. Not confirmed by PSUF on real hardware.|120
BCUS98245|01.33|LittleBigPlanet 2|Disable Score Bubble FX|untested|ncl|Nascar1243 / Graphics Patches for PS3MAPI PDF|0 002F4FB4 4E800020|Imported from Nascar1243 / Graphics Patches for PS3MAPI PDF. Game: LittleBigPlanet 2. Not confirmed by PSUF on real hardware. Original values in source: 002F4FB4 was 60000000.|120
BCUS98245|01.33|LittleBigPlanet 2|Disable Motion Blur|untested|ncl|Nascar1243 / Graphics Patches for PS3MAPI PDF|0 0032897C 4E800020|Imported from Nascar1243 / Graphics Patches for PS3MAPI PDF. Game: LittleBigPlanet 2. Not confirmed by PSUF on real hardware. Original values in source: 0032897C was 60000000.|120
BCUS98245|01.33|LittleBigPlanet 2|Disable MLAA|untested|ncl|Nascar1243 / Graphics Patches for PS3MAPI PDF|0 00DB8208 00;0 00E3E117 01|Imported from Nascar1243 / Graphics Patches for PS3MAPI PDF. Game: LittleBigPlanet 2. Not confirmed by PSUF on real hardware. Original values in source: 00DB8208 was 01, 00E3E117 was 00.|120
BLUS30016|*|Need For Speed Carbon|Disable Color Correction|untested|ncl|Nascar1243 / Graphics Patches for PS3MAPI PDF|0 004E8B9B 00|Imported from Nascar1243 / Graphics Patches for PS3MAPI PDF. Game: Need For Speed Carbon. Not confirmed by PSUF on real hardware. Original values in source: 004E8B9B was 01.|120
BLUS30256|*|50 Cent Blood On The Sand|Disable Motion Blur and Depth of Field|untested|ncl|Nascar1243 / Graphics Patches for PS3MAPI PDF|0 001740E8 4800|Imported from Nascar1243 / Graphics Patches for PS3MAPI PDF. Game: 50 Cent Blood On The Sand. Not confirmed by PSUF on real hardware. Original values in source: 001740E8 was 409D.|120
BLUS30059|*|Skate|Disable Motion Blur|untested|ncl|Nascar1243 / Graphics Patches for PS3MAPI PDF|0 010A3774 00000000|Imported from Nascar1243 / Graphics Patches for PS3MAPI PDF. Game: Skate. Not confirmed by PSUF on real hardware. Original values in source: 010A3774 was 3E638E39.|120
BLUS30190|01.06|Midnight Club Los Angeles|Disable Motion Blur|untested|ncl|Nascar1243 / Graphics Patches for PS3MAPI PDF|0 005106C0 38600000|Imported from Nascar1243 / Graphics Patches for PS3MAPI PDF. Game: Midnight Club Los Angeles. Not confirmed by PSUF on real hardware. Original values in source: 005106C0 was 48016BE9.|120
BLUS30736|01.03|Soulcalibur V|Reduce Input Lag|untested|ncl|Nascar1243 / Graphics Patches for PS3MAPI PDF|0 000C7DF0 38E00000|Imported from Nascar1243 / Graphics Patches for PS3MAPI PDF. Game: Soulcalibur V. Not confirmed by PSUF on real hardware. Original values in source: 000C7DF0 was 7CE9002E.|120
BLUS30736|01.03|Soulcalibur V|Disable MLAA|untested|ncl|Nascar1243 / Graphics Patches for PS3MAPI PDF|0 0031DFF0 38000001|Imported from Nascar1243 / Graphics Patches for PS3MAPI PDF. Game: Soulcalibur V. Not confirmed by PSUF on real hardware. Original values in source: 0031DFF0 was 801F0084.|120
BLUS31069|01.01|Army of Two Devils Cartel|Disable Bloom|untested|ncl|Nascar1243 / Graphics Patches for PS3MAPI PDF|0 01701BFC 98BF0183|Imported from Nascar1243 / Graphics Patches for PS3MAPI PDF. Game: Army of Two Devils Cartel. Not confirmed by PSUF on real hardware. Original values in source: 01701BFC was 98FF0186.|120
BLUS31069|01.01|Army of Two Devils Cartel|Blocky Depth Fix|untested|ncl|Nascar1243 / Graphics Patches for PS3MAPI PDF|0 01755AE0 991F|Imported from Nascar1243 / Graphics Patches for PS3MAPI PDF. Game: Army of Two Devils Cartel. Not confirmed by PSUF on real hardware. Original values in source: 01755AE0 was 995F.|120
BLUS31069|01.01|Army of Two Devils Cartel|Disable Dynamic Lights|untested|ncl|Nascar1243 / Graphics Patches for PS3MAPI PDF|0 01755BD8 991F|Imported from Nascar1243 / Graphics Patches for PS3MAPI PDF. Game: Army of Two Devils Cartel. Not confirmed by PSUF on real hardware. Original values in source: 01755BD8 was 995F.|120
BLUS31069|01.01|Army of Two Devils Cartel|Disable Dynamic Spotlights|untested|ncl|Nascar1243 / Graphics Patches for PS3MAPI PDF|0 01755BDC 991F|Imported from Nascar1243 / Graphics Patches for PS3MAPI PDF. Game: Army of Two Devils Cartel. Not confirmed by PSUF on real hardware. Original values in source: 01755BDC was 995F.|120
BLUS31069|01.01|Army of Two Devils Cartel|Disable MLAA|untested|ncl|Nascar1243 / Graphics Patches for PS3MAPI PDF|0 004E51A4 38600000;0 01701BF0 98BF0186|Imported from Nascar1243 / Graphics Patches for PS3MAPI PDF. Game: Army of Two Devils Cartel. Not confirmed by PSUF on real hardware. Original values in source: 004E51A4 was 88630196, 01701BF0 was 98FF0183.|120
BLUS30653|*|Shadows Of The Damned|Disable Image Grain|untested|ncl|Nascar1243 / Graphics Patches for PS3MAPI PDF|0 003E3398 4800|Imported from Nascar1243 / Graphics Patches for PS3MAPI PDF. Game: Shadows Of The Damned. Not confirmed by PSUF on real hardware. Original values in source: 003E3398 was 4182.|120
BLUS30653|*|Shadows Of The Damned|Disable Motion Blur|untested|ncl|Nascar1243 / Graphics Patches for PS3MAPI PDF|0 003E3998 38600000|Imported from Nascar1243 / Graphics Patches for PS3MAPI PDF. Game: Shadows Of The Damned. Not confirmed by PSUF on real hardware. Original values in source: 003E3998 was 80630034.|120
BLUS30653|*|Shadows Of The Damned|Disable Low Resolution Depth of Field|untested|ncl|Nascar1243 / Graphics Patches for PS3MAPI PDF|0 00126960 38A00000;0 00325488 38A00000;0 003E3050 38A00000|Imported from Nascar1243 / Graphics Patches for PS3MAPI PDF. Game: Shadows Of The Damned. Not confirmed by PSUF on real hardware. Original values in source: 00126960 was 80A5003C, 00325488 was 80A5003C, 003E3050 was 80A5003C.|120
BCUS98148|01.30|LittleBigPlanet|Disable Score Bubble FX|untested|ncl|Nascar1243 / Graphics Patches for PS3MAPI PDF|0 0017CEF0 4E800020|Imported from Nascar1243 / Graphics Patches for PS3MAPI PDF. Game: LittleBigPlanet. Not confirmed by PSUF on real hardware.|120
BCUS98148|01.30|LittleBigPlanet|Disable Blur|untested|ncl|Nascar1243 / Graphics Patches for PS3MAPI PDF|0 0019C974 60000000|Imported from Nascar1243 / Graphics Patches for PS3MAPI PDF. Game: LittleBigPlanet. Not confirmed by PSUF on real hardware.|120
BLUS31197|01.01|Drakengard 3|Disable Low-Res Depth of Field|untested|ncl|Nascar1243 / Graphics Patches for PS3MAPI PDF|0 00A5455C 38000000|Imported from Nascar1243 / Graphics Patches for PS3MAPI PDF. Game: Drakengard 3. Not confirmed by PSUF on real hardware.|120
BCES00081|01.29|Killzone 2|Extended FOV (PSXPlace) [Tested]|untested|ncl|RPCS3toArtemis / vFxMz|0 00EC096C 3F266666|Imported from RPCS3toArtemis PSXPlace Confirmed. Direct PS3MAPI write only; not confirmed by PSUF on real hardware.|120
BCUS98116|01.29|Killzone 2|Extended FOV (PSXPlace) [Tested]|untested|ncl|RPCS3toArtemis / vFxMz|0 00EC096C 3F266666|Imported from RPCS3toArtemis PSXPlace Confirmed. Direct PS3MAPI write only; not confirmed by PSUF on real hardware.|120
BCES01007|01.14|Killzone 3|Extended FOV (PSXPlace) [Tested]|untested|ncl|RPCS3toArtemis / vFxMz|0 0139BDF0 3F59999A;0 0139BEEC 3F59999A|Imported from RPCS3toArtemis PSXPlace Confirmed. Direct PS3MAPI write only; not confirmed by PSUF on real hardware.|120
BCUS98234|01.14|Killzone 3|Extended FOV (PSXPlace) [Tested]|untested|ncl|RPCS3toArtemis / vFxMz|0 0139BDF0 3F59999A;0 0139BEEC 3F59999A|Imported from RPCS3toArtemis PSXPlace Confirmed. Direct PS3MAPI write only; not confirmed by PSUF on real hardware.|120
BLES00585|01.00|Aliens Vs Predator|Many Things Are Very Bright White|untested|ncl|ArtemisPS3 / bungholio|0 000750E8 3F4044FA;0 000750EC 934B0000;0 000750F0 934B0010;0 000750F4 934B0020|Imported from ArtemisPS3 docs/codes. Original file: Aliens Vs Predator BLES00585 BLUS30340 BLUS30493 01.00.ncl. Direct PS3MAPI writes only; not confirmed by PSUF on real hardware.|120
BLUS30340|01.00|Aliens Vs Predator|Many Things Are Very Bright White|untested|ncl|ArtemisPS3 / bungholio|0 000750E8 3F4044FA;0 000750EC 934B0000;0 000750F0 934B0010;0 000750F4 934B0020|Imported from ArtemisPS3 docs/codes. Original file: Aliens Vs Predator BLES00585 BLUS30340 BLUS30493 01.00.ncl. Direct PS3MAPI writes only; not confirmed by PSUF on real hardware.|120
BLUS30493|01.00|Aliens Vs Predator|Many Things Are Very Bright White|untested|ncl|ArtemisPS3 / bungholio|0 000750E8 3F4044FA;0 000750EC 934B0000;0 000750F0 934B0010;0 000750F4 934B0020|Imported from ArtemisPS3 docs/codes. Original file: Aliens Vs Predator BLES00585 BLUS30340 BLUS30493 01.00.ncl. Direct PS3MAPI writes only; not confirmed by PSUF on real hardware.|120
BLES00585|01.00|Aliens Vs Predator|Increased Brightness|untested|ncl|ArtemisPS3 / bungholio|0 0016BC48 3C00BF80|Imported from ArtemisPS3 docs/codes. Original file: Aliens Vs Predator BLES00585 BLUS30340 BLUS30493 01.00.ncl. Direct PS3MAPI writes only; not confirmed by PSUF on real hardware.|120
BLUS30340|01.00|Aliens Vs Predator|Increased Brightness|untested|ncl|ArtemisPS3 / bungholio|0 0016BC48 3C00BF80|Imported from ArtemisPS3 docs/codes. Original file: Aliens Vs Predator BLES00585 BLUS30340 BLUS30493 01.00.ncl. Direct PS3MAPI writes only; not confirmed by PSUF on real hardware.|120
BLUS30493|01.00|Aliens Vs Predator|Increased Brightness|untested|ncl|ArtemisPS3 / bungholio|0 0016BC48 3C00BF80|Imported from ArtemisPS3 docs/codes. Original file: Aliens Vs Predator BLES00585 BLUS30340 BLUS30493 01.00.ncl. Direct PS3MAPI writes only; not confirmed by PSUF on real hardware.|120
BLUS31197|01.01|Drakengard 3|Disable Depth of Field|untested|ncl|ArtemisPS3 / PSXPlace|0 00A5455C 38800000|Imported from ArtemisPS3 docs/codes. Original file: Drakengard 3 BLUS31197 01.01.ncl. Direct PS3MAPI writes only; not confirmed by PSUF on real hardware.|120
BLES00035|01.00|F.E.A.R.|Mostly Full Brightness|untested|ncl|ArtemisPS3 / bungholio|0 001DE890 60000000;0 001DE894 60000000;0 001DE8A0 60000000;0 001DE934 60000000;0 001DE93C 60000000;0 001DE940 60000000|Imported from ArtemisPS3 docs/codes. Original file: F.E.A.R. BLES00035 BLUS30003 01.00.ncl. Direct PS3MAPI writes only; not confirmed by PSUF on real hardware.|120
BLUS30003|01.00|F.E.A.R.|Mostly Full Brightness|untested|ncl|ArtemisPS3 / bungholio|0 001DE890 60000000;0 001DE894 60000000;0 001DE8A0 60000000;0 001DE934 60000000;0 001DE93C 60000000;0 001DE940 60000000|Imported from ArtemisPS3 docs/codes. Original file: F.E.A.R. BLES00035 BLUS30003 01.00.ncl. Direct PS3MAPI writes only; not confirmed by PSUF on real hardware.|120
BLES00035|01.03|F.E.A.R.|Mostly Full Brightness|untested|ncl|ArtemisPS3 / bungholio|0 001DE890 60000000;0 001DE894 60000000;0 001DE8A0 60000000;0 001DE934 60000000;0 001DE93C 60000000;0 001DE940 60000000|Imported from ArtemisPS3 docs/codes. Original file: F.E.A.R. BLES00035 BLUS30003 v01.03.ncl. Direct PS3MAPI writes only; not confirmed by PSUF on real hardware.|120
BLUS30003|01.03|F.E.A.R.|Mostly Full Brightness|untested|ncl|ArtemisPS3 / bungholio|0 001DE890 60000000;0 001DE894 60000000;0 001DE8A0 60000000;0 001DE934 60000000;0 001DE93C 60000000;0 001DE940 60000000|Imported from ArtemisPS3 docs/codes. Original file: F.E.A.R. BLES00035 BLUS30003 v01.03.ncl. Direct PS3MAPI writes only; not confirmed by PSUF on real hardware.|120
BCUS98232|01.00|God Of War Ascension|Disable Depth of Field|untested|ncl|ArtemisPS3 / PSXPlace|0 0043BCBC 38A00000|Imported from ArtemisPS3 docs/codes. Original file: God Of War Ascension BCUS98232 v01.00 av01.12.ncl. Direct PS3MAPI writes only; not confirmed by PSUF on real hardware.|120
BCUS98232|01.00|God Of War Ascension|Disable Motion Blur|untested|ncl|ArtemisPS3 / PSXPlace|0 0043F210 38A00000|Imported from ArtemisPS3 docs/codes. Original file: God Of War Ascension BCUS98232 v01.00 av01.12.ncl. Direct PS3MAPI writes only; not confirmed by PSUF on real hardware.|120
BLES00269|01.00|Prototype|Black And White Mode|untested|ncl|ArtemisPS3 / bungholio|0 002925F4 60000000|Imported from ArtemisPS3 docs/codes. Original file: Prototype BLUS30145 01.00 BLES00269 01.01.ncl. Direct PS3MAPI writes only; not confirmed by PSUF on real hardware.|120
BLUS30145|01.00|Prototype|Black And White Mode|untested|ncl|ArtemisPS3 / bungholio|0 002925F4 60000000|Imported from ArtemisPS3 docs/codes. Original file: Prototype BLUS30145 01.00 BLES00269 01.01.ncl. Direct PS3MAPI writes only; not confirmed by PSUF on real hardware.|120
BLES00269|01.01|Prototype|Black And White Mode|untested|ncl|ArtemisPS3 / bungholio|0 002925F4 60000000|Imported from ArtemisPS3 docs/codes. Original file: Prototype BLUS30145 v01.00 av01.00 BLES00269 01.01.ncl. Direct PS3MAPI writes only; not confirmed by PSUF on real hardware.|120
BLUS30145|01.01|Prototype|Black And White Mode|untested|ncl|ArtemisPS3 / bungholio|0 002925F4 60000000|Imported from ArtemisPS3 docs/codes. Original file: Prototype BLUS30145 v01.00 av01.00 BLES00269 01.01.ncl. Direct PS3MAPI writes only; not confirmed by PSUF on real hardware.|120
NPUB30467|01.01|Resident Evil Code Veronica X|Lit Lighter Visual Effect Always On|untested|ncl|ArtemisPS3 / GuitarMan|0 00212F68 60000000|Imported from ArtemisPS3 docs/codes. Original file: Resident Evil Code Veronica X NPUB30467 v01.01 av01.00.ncl. Direct PS3MAPI writes only; not confirmed by PSUF on real hardware.|120
BCES01097|01.01|Shadow Of The Colossus|Disable Bloom|untested|ncl|ArtemisPS3 / PSXPlace|0 0020AB50 38000000|Imported from ArtemisPS3 docs/codes. Original file: Shadow Of The Colossus BCES01097 01.01.ncl. Direct PS3MAPI writes only; not confirmed by PSUF on real hardware.|120
BCES01097|01.01|Shadow Of The Colossus|Disable Motion Blur|untested|ncl|ArtemisPS3 / PSXPlace|0 0021A2E4 38000000;0 0021A128 38000000|Imported from ArtemisPS3 docs/codes. Original file: Shadow Of The Colossus BCES01097 01.01.ncl. Direct PS3MAPI writes only; not confirmed by PSUF on real hardware.|120
BCES01097|01.01|Shadow Of The Colossus|Disable MLAA|untested|ncl|ArtemisPS3 / PSXPlace|0 00201A14 38000000;0 006F96F4 40800003;0 006F999C 40800017|Imported from ArtemisPS3 docs/codes. Original file: Shadow Of The Colossus BCES01097 01.01.ncl. Direct PS3MAPI writes only; not confirmed by PSUF on real hardware.|120
BCES01097|01.00|Shadow Of The Colossus|Disable Bloom|untested|ncl|ArtemisPS3 / PSXPlace|0 0020AB50 38000000|Imported from ArtemisPS3 docs/codes. Original file: Shadow Of The Colossus BCES01097 BCES01115 BCUS98259 NPEA00280 v01.00 av01.01.ncl. Direct PS3MAPI writes only; not confirmed by PSUF on real hardware.|120
BCES01115|01.00|Shadow Of The Colossus|Disable Bloom|untested|ncl|ArtemisPS3 / PSXPlace|0 0020AB50 38000000|Imported from ArtemisPS3 docs/codes. Original file: Shadow Of The Colossus BCES01097 BCES01115 BCUS98259 NPEA00280 v01.00 av01.01.ncl. Direct PS3MAPI writes only; not confirmed by PSUF on real hardware.|120
BCUS98259|01.00|Shadow Of The Colossus|Disable Bloom|untested|ncl|ArtemisPS3 / PSXPlace|0 0020AB50 38000000|Imported from ArtemisPS3 docs/codes. Original file: Shadow Of The Colossus BCES01097 BCES01115 BCUS98259 NPEA00280 v01.00 av01.01.ncl. Direct PS3MAPI writes only; not confirmed by PSUF on real hardware.|120
NPEA00280|01.00|Shadow Of The Colossus|Disable Bloom|untested|ncl|ArtemisPS3 / PSXPlace|0 0020AB50 38000000|Imported from ArtemisPS3 docs/codes. Original file: Shadow Of The Colossus BCES01097 BCES01115 BCUS98259 NPEA00280 v01.00 av01.01.ncl. Direct PS3MAPI writes only; not confirmed by PSUF on real hardware.|120
BCES01097|01.00|Shadow Of The Colossus|Disable Motion Blur|untested|ncl|ArtemisPS3 / PSXPlace|0 0021A2E4 38000000;0 0021A128 38000000|Imported from ArtemisPS3 docs/codes. Original file: Shadow Of The Colossus BCES01097 BCES01115 BCUS98259 NPEA00280 v01.00 av01.01.ncl. Direct PS3MAPI writes only; not confirmed by PSUF on real hardware.|120
BCES01115|01.00|Shadow Of The Colossus|Disable Motion Blur|untested|ncl|ArtemisPS3 / PSXPlace|0 0021A2E4 38000000;0 0021A128 38000000|Imported from ArtemisPS3 docs/codes. Original file: Shadow Of The Colossus BCES01097 BCES01115 BCUS98259 NPEA00280 v01.00 av01.01.ncl. Direct PS3MAPI writes only; not confirmed by PSUF on real hardware.|120
BCUS98259|01.00|Shadow Of The Colossus|Disable Motion Blur|untested|ncl|ArtemisPS3 / PSXPlace|0 0021A2E4 38000000;0 0021A128 38000000|Imported from ArtemisPS3 docs/codes. Original file: Shadow Of The Colossus BCES01097 BCES01115 BCUS98259 NPEA00280 v01.00 av01.01.ncl. Direct PS3MAPI writes only; not confirmed by PSUF on real hardware.|120
NPEA00280|01.00|Shadow Of The Colossus|Disable Motion Blur|untested|ncl|ArtemisPS3 / PSXPlace|0 0021A2E4 38000000;0 0021A128 38000000|Imported from ArtemisPS3 docs/codes. Original file: Shadow Of The Colossus BCES01097 BCES01115 BCUS98259 NPEA00280 v01.00 av01.01.ncl. Direct PS3MAPI writes only; not confirmed by PSUF on real hardware.|120
BCES01097|01.00|Shadow Of The Colossus|Disable MLAA|untested|ncl|ArtemisPS3 / PSXPlace|0 00201A14 38000000;0 006F96F4 40800003;0 006F999C 40800017|Imported from ArtemisPS3 docs/codes. Original file: Shadow Of The Colossus BCES01097 BCES01115 BCUS98259 NPEA00280 v01.00 av01.01.ncl. Direct PS3MAPI writes only; not confirmed by PSUF on real hardware.|120
BCES01115|01.00|Shadow Of The Colossus|Disable MLAA|untested|ncl|ArtemisPS3 / PSXPlace|0 00201A14 38000000;0 006F96F4 40800003;0 006F999C 40800017|Imported from ArtemisPS3 docs/codes. Original file: Shadow Of The Colossus BCES01097 BCES01115 BCUS98259 NPEA00280 v01.00 av01.01.ncl. Direct PS3MAPI writes only; not confirmed by PSUF on real hardware.|120
BCUS98259|01.00|Shadow Of The Colossus|Disable MLAA|untested|ncl|ArtemisPS3 / PSXPlace|0 00201A14 38000000;0 006F96F4 40800003;0 006F999C 40800017|Imported from ArtemisPS3 docs/codes. Original file: Shadow Of The Colossus BCES01097 BCES01115 BCUS98259 NPEA00280 v01.00 av01.01.ncl. Direct PS3MAPI writes only; not confirmed by PSUF on real hardware.|120
NPEA00280|01.00|Shadow Of The Colossus|Disable MLAA|untested|ncl|ArtemisPS3 / PSXPlace|0 00201A14 38000000;0 006F96F4 40800003;0 006F999C 40800017|Imported from ArtemisPS3 docs/codes. Original file: Shadow Of The Colossus BCES01097 BCES01115 BCUS98259 NPEA00280 v01.00 av01.01.ncl. Direct PS3MAPI writes only; not confirmed by PSUF on real hardware.|120
BLUS30565|01.00|Silent Hill Downpour|Increased Flashlight Beam Brightness|untested|ncl|ArtemisPS3 / bungholio|0 008A1FA0 3C804080;0 008A1FA4 90830100|Imported from ArtemisPS3 docs/codes. Original file: Silent Hill Downpour BLUS30565 01.00.ncl. Direct PS3MAPI writes only; not confirmed by PSUF on real hardware.|120
BLUS30565|01.00|Silent Hill Downpour|Increased UV Light Brightness|untested|ncl|ArtemisPS3 / bungholio|0 008A1EB0 3CA04080;0 008A1EB8 90A30100|Imported from ArtemisPS3 docs/codes. Original file: Silent Hill Downpour BLUS30565 01.00.ncl. Direct PS3MAPI writes only; not confirmed by PSUF on real hardware.|120
BLUS30565|01.01|Silent Hill Downpour|Increased Flashlight Beam Brightness|untested|ncl|ArtemisPS3 / bungholio|0 008A1FA0 3C804080;0 008A1FA4 90830100|Imported from ArtemisPS3 docs/codes. Original file: Silent Hill Downpour BLUS30565 v01.01 av01.00.ncl. Direct PS3MAPI writes only; not confirmed by PSUF on real hardware.|120
BLUS30565|01.01|Silent Hill Downpour|Increased UV Light Brightness|untested|ncl|ArtemisPS3 / bungholio|0 008A1EB0 3CA04080;0 008A1EB8 90A30100|Imported from ArtemisPS3 docs/codes. Original file: Silent Hill Downpour BLUS30565 v01.01 av01.00.ncl. Direct PS3MAPI writes only; not confirmed by PSUF on real hardware.|120
BLUS30169|01.00|Silent Hill Homecoming|Display Brightness Limit Removed|untested|ncl|ArtemisPS3 / bungholio|0 007F4968 48000008;0 007F4AC8 48000008;0 007F4AE8 48000008|Imported from ArtemisPS3 docs/codes. Original file: Silent Hill Homecoming BLUS30169 v01.00 av01.00.ncl. Direct PS3MAPI writes only; not confirmed by PSUF on real hardware.|120
BCES00294|01.00|Siren Blood Curse|Small Brightness Boost|untested|ncl|ArtemisPS3 / bungholio|0 00061190 60000000|Imported from ArtemisPS3 docs/codes. Original file: Siren Blood Curse BCES00294 v01.00 av01.00.ncl. Direct PS3MAPI writes only; not confirmed by PSUF on real hardware.|120
BCES00294|01.00|Siren Blood Curse|Black And White Visuals|untested|ncl|ArtemisPS3 / bungholio|0 00061188 60000000|Imported from ArtemisPS3 docs/codes. Original file: Siren Blood Curse BCES00294 v01.00 av01.00.ncl. Direct PS3MAPI writes only; not confirmed by PSUF on real hardware.|120
NPUA80136|01.00|Siren Blood Curse|Small Brightness Boost|untested|ncl|ArtemisPS3 / bungholio|0 00061298 60000000|Imported from ArtemisPS3 docs/codes. Original file: Siren Blood Curse NPUA80136 01.00.ncl. Direct PS3MAPI writes only; not confirmed by PSUF on real hardware.|120
NPUA80136|01.00|Siren Blood Curse|Black And White Visuals|untested|ncl|ArtemisPS3 / bungholio|0 00061290 60000000|Imported from ArtemisPS3 docs/codes. Original file: Siren Blood Curse NPUA80136 01.00.ncl. Direct PS3MAPI writes only; not confirmed by PSUF on real hardware.|120
BCAS20047|01.01|Siren New Translation|Small Brightness Boost|untested|ncl|ArtemisPS3 / bungholio|0 00060E88 60000000|Imported from ArtemisPS3 docs/codes. Original file: Siren New Translation BCAS20047 v01.01 av01.00.ncl. Direct PS3MAPI writes only; not confirmed by PSUF on real hardware.|120
BCAS20047|01.01|Siren New Translation|Black And White Visuals|untested|ncl|ArtemisPS3 / bungholio|0 00060E80 60000000|Imported from ArtemisPS3 docs/codes. Original file: Siren New Translation BCAS20047 v01.01 av01.00.ncl. Direct PS3MAPI writes only; not confirmed by PSUF on real hardware.|120
BLUS30244|01.02|Sonic Unleashed|Disable Shadows (PSXPlace) [Tested]|untested|ncl|ArtemisPS3 / illusion|0 00E0464C 38000000|Imported from ArtemisPS3 docs/codes. Original file: Sonic Unleashed BLUS30244 01.02.ncl. Direct PS3MAPI writes only; not confirmed by PSUF on real hardware.|120
BLUS30244|01.02|Sonic Unleashed|Disable Motion Blur (PSXPlace) [Tested]|untested|ncl|ArtemisPS3 / illusion|0 00E234E8 38000000|Imported from ArtemisPS3 docs/codes. Original file: Sonic Unleashed BLUS30244 01.02.ncl. Direct PS3MAPI writes only; not confirmed by PSUF on real hardware.|120
BLUS30244|01.02|Sonic Unleashed|Disable Depth Of Field (PSXPlace) [Tested]|untested|ncl|ArtemisPS3 / illusion|0 00E5D7C4 38000000|Imported from ArtemisPS3 docs/codes. Original file: Sonic Unleashed BLUS30244 01.02.ncl. Direct PS3MAPI writes only; not confirmed by PSUF on real hardware.|120
BLUS30244|01.02|Sonic Unleashed|Disable Reflection (PSXPlace) [Tested]|untested|ncl|ArtemisPS3 / illusion|0 00E1EEF0 38000000|Imported from ArtemisPS3 docs/codes. Original file: Sonic Unleashed BLUS30244 01.02.ncl. Direct PS3MAPI writes only; not confirmed by PSUF on real hardware.|120
BLUS30804|01.00|Syndicate|Weapons Are Highlighted Without The Dart Overlay Display|untested|ncl|ArtemisPS3 / bungholio|0 0032C814 38000002|Imported from ArtemisPS3 docs/codes. Original file: Syndicate BLUS30804 v01.00 av01.00.ncl. Direct PS3MAPI writes only; not confirmed by PSUF on real hardware.|120
BLUS30804|01.00|Syndicate|Disable Black And White Dart Overlay Display|untested|ncl|ArtemisPS3 / bungholio|0 0032BFA0 38000000|Imported from ArtemisPS3 docs/codes. Original file: Syndicate BLUS30804 v01.00 av01.00.ncl. Direct PS3MAPI writes only; not confirmed by PSUF on real hardware.|120
BLUS30804|01.00|Syndicate|Disable Grid Lines Effect In Dart Overlay Display|untested|ncl|ArtemisPS3 / bungholio|0 0032C5D4 38000000|Imported from ArtemisPS3 docs/codes. Original file: Syndicate BLUS30804 v01.00 av01.00.ncl. Direct PS3MAPI writes only; not confirmed by PSUF on real hardware.|120
BLES01547|01.00|The Amazing Spider-Man|No Visual Damage|untested|ncl|ArtemisPS3 / Hiei-YYH|0 009CBA2C 807C00C0;0 009CBA30 907C00BC;0 009CBA34 60000000|Imported from ArtemisPS3 docs/codes. Original file: The Amazing Spider-Man BLES01547 v01.00 av01.02.ncl. Direct PS3MAPI writes only; not confirmed by PSUF on real hardware.|120
BLES01547|01.00|The Amazing Spider-Man|Maximum Visual Damage|untested|ncl|ArtemisPS3 / Hiei-YYH|0 009CBA2C 38600000;0 009CBA30 907C00BC;0 009CBA34 48000030|Imported from ArtemisPS3 docs/codes. Original file: The Amazing Spider-Man BLES01547 v01.00 av01.02.ncl. Direct PS3MAPI writes only; not confirmed by PSUF on real hardware.|120
BLUS30828|01.02|The Amazing Spider-Man|No Visual Damage|untested|ncl|ArtemisPS3 / Hiei-YYH|0 009C4DC4 807C00C0;0 009C4DC8 907C00BC;0 009C4DCC 60000000|Imported from ArtemisPS3 docs/codes. Original file: The Amazing Spider-Man BLUS30828 01.02.ncl. Direct PS3MAPI writes only; not confirmed by PSUF on real hardware.|120
BLUS30828|01.02|The Amazing Spider-Man|Maximum Visual Damage|untested|ncl|ArtemisPS3 / Hiei-YYH|0 009C4DC4 38600000;0 009C4DC8 907C00BC;0 009C4DCC 48000030|Imported from ArtemisPS3 docs/codes. Original file: The Amazing Spider-Man BLUS30828 01.02.ncl. Direct PS3MAPI writes only; not confirmed by PSUF on real hardware.|120
BLUS30828|01.00|The Amazing Spider-Man|No Visual Damage|untested|ncl|ArtemisPS3 / Hiei-YYH|0 009C4DC4 807C00C0;0 009C4DC8 907C00BC;0 009C4DCC 60000000|Imported from ArtemisPS3 docs/codes. Original file: The Amazing Spider-Man BLUS30828 v01.00 av01.02.ncl. Direct PS3MAPI writes only; not confirmed by PSUF on real hardware.|120
BLUS30828|01.00|The Amazing Spider-Man|Maximum Visual Damage|untested|ncl|ArtemisPS3 / Hiei-YYH|0 009C4DC4 38600000;0 009C4DC8 907C00BC;0 009C4DCC 48000030|Imported from ArtemisPS3 docs/codes. Original file: The Amazing Spider-Man BLUS30828 v01.00 av01.02.ncl. Direct PS3MAPI writes only; not confirmed by PSUF on real hardware.|120
BCUS98213|01.09|Uncharted 2 Among Thieves|Disable Depth of Field|untested|ncl|ArtemisPS3 / PSXPlace|0 00E9C251 0000000000|Imported from ArtemisPS3 docs/codes. Original file: Uncharted 2 Among Thieves BCUS98213 01.09.ncl. Direct PS3MAPI writes only; not confirmed by PSUF on real hardware.|120
BCUS98213|01.09|Uncharted 2 Among Thieves|Enable Bloom|untested|ncl|ArtemisPS3 / PSXPlace|0 00E9C268 0100000000|Imported from ArtemisPS3 docs/codes. Original file: Uncharted 2 Among Thieves BCUS98213 01.09.ncl. Direct PS3MAPI writes only; not confirmed by PSUF on real hardware.|120
BCUS98213|01.09|Uncharted 2 Among Thieves|Disable Mesh Trimming|untested|ncl|ArtemisPS3 / PSXPlace|0 00F9BFD0 0000000000|Imported from ArtemisPS3 docs/codes. Original file: Uncharted 2 Among Thieves BCUS98213 01.09.ncl. Direct PS3MAPI writes only; not confirmed by PSUF on real hardware.|120
BCUS98213|01.09|Uncharted 2 Among Thieves|Disable Motion Blur|untested|ncl|ArtemisPS3 / PSXPlace|0 00E9C24F 00010000|Imported from ArtemisPS3 docs/codes. Original file: Uncharted 2 Among Thieves BCUS98213 01.09.ncl. Direct PS3MAPI writes only; not confirmed by PSUF on real hardware.|120
BCUS98213|01.09|Uncharted 2 Among Thieves|Disable Velocity Motion Blur|untested|ncl|ArtemisPS3 / PSXPlace|0 00E9C494 00000000|Imported from ArtemisPS3 docs/codes. Original file: Uncharted 2 Among Thieves BCUS98213 01.09.ncl. Direct PS3MAPI writes only; not confirmed by PSUF on real hardware.|120
BCES00065|01.10|Uncharted Drake's Fortune|Disable Depth of Field|untested|ncl|ArtemisPS3 / PSXPlace|0 00BB43DC 00000000000000|Imported from ArtemisPS3 docs/codes. Original file: Uncharted Drake's Fortune BCES00065 BCUS98103 01.10.ncl. Direct PS3MAPI writes only; not confirmed by PSUF on real hardware.|120
BCUS98103|01.10|Uncharted Drake's Fortune|Disable Depth of Field|untested|ncl|ArtemisPS3 / PSXPlace|0 00BB43DC 00000000000000|Imported from ArtemisPS3 docs/codes. Original file: Uncharted Drake's Fortune BCES00065 BCUS98103 01.10.ncl. Direct PS3MAPI writes only; not confirmed by PSUF on real hardware.|120
BLES01807|01.27|Grand Theft Auto V|Smooth FPS / R4L (confirmado)|known|ncl|MNZ / GTAV R4L research|0 01F891B4 00000002;0 004A0E34 4800006C;0 022033E0 3ECCCCCD;0 022033E4 3F800000;0 022033E8 3F800000;0 02203410 00;0 01E05CAC 0000;0 01C97C90 00000003;0 01C97C94 00000003;0 01CD2D4C 3F59999A;0 01CFFF50 3F59999A;0 011A63B8 3D003F80;0 00F28B54 3CA03F80;0 00333EA0 60000000;0 01DE1320 3F466666;0 01DE1344 3F466666;0 01DE1368 80000000|GTA V BLES01807 TU27 / v1.27. Perfil Smooth FPS / R4L confirmado no projeto. Mantem o unlock e usa ajustes visuais/performance para melhorar a fluidez.|120
BLES01807|01.27|Grand Theft Auto V|Intermediario (nao validado)|untested|ncl|MNZ / PSUF community|0 01F891B4 00000001;0 004A0E34 4800006C;0 022033E0 3ECCCCCD;0 022033E4 3F800000;0 022033E8 3F800000;0 02203410 00;0 01E05CAC 0000;0 01C97C90 00000003;0 01C97C94 00000003;0 01CD2D4C 3F59999A;0 01CFFF50 3F59999A;0 011A63B8 3D003F80;0 00F28B54 3CA03F80;0 00333EA0 60000000;0 01DE1320 3F466666;0 01DE1344 3F466666;0 01DE1368 80000000|GTA V BLES01807 TU27 / v1.27. Perfil intermediario ainda nao validado em gameplay.|120
BLES01807|01.27|Grand Theft Auto V|GTA V Lite / Maxima Performance (confirmado)|known|ncl|MNZ / PSUF community|0 01F891B4 00000001;0 004A0E34 4800006C;0 022033E0 00000000;0 022033E4 00000000;0 022033E8 00000000;0 02203410 00;0 01E05CAC 0101;0 01C97C90 00000000;0 01C97C94 00000000;0 01CD2D4C 00000000;0 01CFFF50 00000000;0 011A63B8 3D000000;0 00F28B54 3CA00000;0 00333EA0 60000000;0 01DE1320 3EB33333;0 01DE1344 3EB33333;0 01DE1368 80000000|GTA V BLES01807 TU27 / v1.27. Perfil GTA V Lite / Maxima Performance confirmado no projeto. Reduz bastante graficos, sombras, populacao e distancia para priorizar desempenho.|120
BLUS31141|01.19|Call of Duty Black Ops II|High LOD + Disable Depth of Field|untested|ncl|MNZ / PSUF community|0 01708B40 C47A0000;0 01708C00 C47A0000;0 0170CE00 00|Call of Duty Black Ops II BLUS31141 01.19. HIGH LOD Rigid e Skinned ajustam r_lodBiasRigid/r_lodBiasSkinned para -1000.0; tambem desativa Depth of Field. Originais esperados: 01708B40=00000000, 01708C00=00000000, 0170CE00=01.|120
